Workbook

Sheet Parameters
A1: WFH Perturbation Framework — Reference Parameters
A2: This sheet contains all baseline WFH rates, structural upper bounds, and computed joint propensity matrices.
A4: Section 1: Baseline WFH Rates and Upper Bounds by Education
B5: Education Level | C5: Baseline Rate (wₑ) | D5: Upper Bound (uₑ) | E5: Source
B6: Less than HS | C6: 0.035 | D6: 0.098 | E6: CPS Q1 2024 / Dingel-Neiman 2020
B7: HS Diploma | C7: 0.085 | D7: 0.183 | E7: CPS Q1 2024 / Dingel-Neiman 2020
B8: Some College/Assoc. | C8: 0.183 | D8: 0.317 | E8: CPS Q1 2024 / Dingel-Neiman 2020
B9: Bachelor's | C9: 0.384 | D9: 0.556 | E9: CPS Q1 2024 / Dingel-Neiman 2020
B10: Advanced | C10: 0.436 | D10: 0.674 | E10: CPS Q1 2024 / Dingel-Neiman 2020
A12: Section 2: Baseline WFH Rates and Upper Bounds by Industry
A13: LODES | B13: Industry Sector | C13: Baseline Rate (wₒ) | D13: Upper Bound (uₒ) | E13: Source
A14: CNS01 | B14: Agriculture, Forestry, Fishing | C14: 0.123 | D14: 0.2 | E14: CPS Aug 2024 / Dingel-Neiman 2020
A15: CNS02 | B15: Mining, Quarrying, Oil/Gas | C15: 0.162 | D15: 0.25 | E15: CPS Aug 2024 / Dingel-Neiman 2020
A16: CNS03 | B16: Utilities | C16: 0.277 | D16: 0.37 | E16: CPS Aug 2024 / Dingel-Neiman 2020
A17: CNS04 | B17: Construction | C17: 0.089 | D17: 0.19 | E17: CPS Aug 2024 / Dingel-Neiman 2020
A18: CNS05 | B18: Manufacturing | C18: 0.196 | D18: 0.22 | E18: CPS Aug 2024 / Dingel-Neiman 2020
A19: CNS06 | B19: Wholesale Trade | C19: 0.234 | D19: 0.52 | E19: CPS Aug 2024 / Dingel-Neiman 2020
A20: CNS07 | B20: Retail Trade | C20: 0.11 | D20: 0.14 | E20: CPS Aug 2024 / Dingel-Neiman 2020
A21: CNS08 | B21: Transportation & Warehousing | C21: 0.08 | D21: 0.19 | E21: CPS Aug 2024 / Dingel-Neiman 2020
A22: CNS09 | B22: Information | C22: 0.5 | D22: 0.72 | E22: CPS Aug 2024 / Dingel-Neiman 2020
A23: CNS10 | B23: Finance & Insurance | C23: 0.595 | D23: 0.76 | E23: CPS Aug 2024 / Dingel-Neiman 2020
A24: CNS11 | B24: Real Estate & Rental/Leasing | C24: 0.421 | D24: 0.6 | E24: CPS Aug 2024 / Dingel-Neiman 2020
A25: CNS12 | B25: Professional, Scientific, Tech | C25: 0.597 | D25: 0.8 | E25: CPS Aug 2024 / Dingel-Neiman 2020
... A33: CNS20 | B33: Public Administration | C33: 0.271 | D33: 0.41 | E33: CPS Aug 2024 / Dingel-Neiman 2020
A35: Section 3: Joint Baseline WFH Propensity wₑₒ = 1 − (1−wₑ)(1−wₒ)
A36: Each cell combines education and industry WFH rates as independent contributors. Higher values = higher baseline remote work probability.
A37: LODES | B37: Industry | C37: Less than HS | D37: HS Diploma | E37: Some College/Assoc. | F37: Bachelor's | G37: Advanced
A38: CNS01 | B38: Agriculture, Forestry, Fishing | C38: =1-(1-C6)*(1-C14) | D38: =1-(1-C7)*(1-C14) | E38: =1-(1-C8)*(1-C14) | F38: =1-(1-C9)*(1-C14) | G38: =1-(1-C10)*(1-C14)
A39: CNS02 | B39: Mining, Quarrying, Oil/Gas | C39: =1-(1-C6)*(1-C15) | D39: =1-(1-C7)*(1-C15) | E39: =1-(1-C8)*(1-C15) | F39: =1-(1-C9)*(1-C15) | G39: =1-(1-C10)*(1-C15)
A40: CNS03 | B40: Utilities | C40: =1-(1-C6)*(1-C16) | D40: =1-(1-C7)*(1-C16) | E40: =1-(1-C8)*(1-C16) | F40: =1-(1-C9)*(1-C16) | G40: =1-(1-C10)*(1-C16)
A41: CNS04 | B41: Construction | C41: =1-(1-C6)*(1-C17) | D41: =1-(1-C7)*(1-C17) | E41: =1-(1-C8)*(1-C17) | F41: =1-(1-C9)*(1-C17) | G41: =1-(1-C10)*(1-C17)
A42: CNS05 | B42: Manufacturing | C42: =1-(1-C6)*(1-C18) | D42: =1-(1-C7)*(1-C18) | E42: =1-(1-C8)*(1-C18) | F42: =1-(1-C9)*(1-C18) | G42: =1-(1-C10)*(1-C18)
A43: CNS06 | B43: Wholesale Trade | C43: =1-(1-C6)*(1-C19) | D43: =1-(1-C7)*(1-C19) | E43: =1-(1-C8)*(1-C19) | F43: =1-(1-C9)*(1-C19) | G43: =1-(1-C10)*(1-C19)
A44: CNS07 | B44: Retail Trade | C44: =1-(1-C6)*(1-C20) | D44: =1-(1-C7)*(1-C20) | E44: =1-(1-C8)*(1-C20) | F44: =1-(1-C9)*(1-C20) | G44: =1-(1-C10)*(1-C20)
A45: CNS08 | B45: Transportation & Warehousing | C45: =1-(1-C6)*(1-C21) | D45: =1-(1-C7)*(1-C21) | E45: =1-(1-C8)*(1-C21) | F45: =1-(1-C9)*(1-C21) | G45: =1-(1-C10)*(1-C21)
A46: CNS09 | B46: Information | C46: =1-(1-C6)*(1-C22) | D46: =1-(1-C7)*(1-C22) | E46: =1-(1-C8)*(1-C22) | F46: =1-(1-C9)*(1-C22) | G46: =1-(1-C10)*(1-C22)
A47: CNS10 | B47: Finance & Insurance | C47: =1-(1-C6)*(1-C23) | D47: =1-(1-C7)*(1-C23) | E47: =1-(1-C8)*(1-C23) | F47: =1-(1-C9)*(1-C23) | G47: =1-(1-C10)*(1-C23)
A48: CNS11 | B48: Real Estate & Rental/Leasing | C48: =1-(1-C6)*(1-C24) | D48: =1-(1-C7)*(1-C24) | E48: =1-(1-C8)*(1-C24) | F48: =1-(1-C9)*(1-C24) | G48: =1-(1-C10)*(1-C24)
A49: CNS12 | B49: Professional, Scientific, Tech | C49: =1-(1-C6)*(1-C25) | D49: =1-(1-C7)*(1-C25) | E49: =1-(1-C8)*(1-C25) | F49: =1-(1-C9)*(1-C25) | G49: =1-(1-C10)*(1-C25)
A50: CNS13 | B50: Management of Companies | C50: =1-(1-C6)*(1-C26) | D50: =1-(1-C7)*(1-C26) | E50: =1-(1-C8)*(1-C26) | F50: =1-(1-C9)*(1-C26) | G50: =1-(1-C10)*(1-C26)
A51: CNS14 | B51: Admin/Support/Waste Mgmt | C51: =1-(1-C6)*(1-C27) | D51: =1-(1-C7)*(1-C27) | E51: =1-(1-C8)*(1-C27) | F51: =1-(1-C9)*(1-C27) | G51: =1-(1-C10)*(1-C27)
A52: CNS15 | B52: Educational Services | C52: =1-(1-C6)*(1-C28) | D52: =1-(1-C7)*(1-C28) | E52: =1-(1-C8)*(1-C28) | F52: =1-(1-C9)*(1-C28) | G52: =1-(1-C10)*(1-C28)
A53: CNS16 | B53: Healthcare & Social Assistance | C53: =1-(1-C6)*(1-C29) | D53: =1-(1-C7)*(1-C29) | E53: =1-(1-C8)*(1-C29) | F53: =1-(1-C9)*(1-C29) | G53: =1-(1-C10)*(1-C29)
A54: CNS17 | B54: Arts, Entertainment, Recreation | C54: =1-(1-C6)*(1-C30) | D54: =1-(1-C7)*(1-C30) | E54: =1-(1-C8)*(1-C30) | F54: =1-(1-C9)*(1-C30) | G54: =1-(1-C10)*(1-C30)
A55: CNS18 | B55: Accommodation & Food Services | C55: =1-(1-C6)*(1-C31) | D55: =1-(1-C7)*(1-C31) | E55: =1-(1-C8)*(1-C31) | F55: =1-(1-C9)*(1-C31) | G55: =1-(1-C10)*(1-C31)
A56: CNS19 | B56: Other Services | C56: =1-(1-C6)*(1-C32) | D56: =1-(1-C7)*(1-C32) | E56: =1-(1-C8)*(1-C32) | F56: =1-(1-C9)*(1-C32) | G56: =1-(1-C10)*(1-C32)
A57: CNS20 | B57: Public Administration | C57: =1-(1-C6)*(1-C33) | D57: =1-(1-C7)*(1-C33) | E57: =1-(1-C8)*(1-C33) | F57: =1-(1-C9)*(1-C33) | G57: =1-(1-C10)*(1-C33)
A59: Section 4: Joint Upper Bound uₑₒ = 1 − (1−uₑ)(1−uₒ)
A60: Maximum feasible WFH rate for each education-industry segment, derived from Dingel-Neiman (2020) O*NET classifications.
A61: LODES | B61: Industry | C61: Less than HS | D61: HS Diploma | E61: Some College/Assoc. | F61: Bachelor's | G61: Advanced
A62: CNS01 | B62: Agriculture, Forestry, Fishing | C62: =1-(1-D6)*(1-D14) | D62: =1-(1-D7)*(1-D14) | E62: =1-(1-D8)*(1-D14) | F62: =1-(1-D9)*(1-D14) | G62: =1-(1-D10)*(1-D14)
A63: CNS02 | B63: Mining, Quarrying, Oil/Gas | C63: =1-(1-D6)*(1-D15) | D63: =1-(1-D7)*(1-D15) | E63: =1-(1-D8)*(1-D15) | F63: =1-(1-D9)*(1-D15) | G63: =1-(1-D10)*(1-D15)
A64: CNS03 | B64: Utilities | C64: =1-(1-D6)*(1-D16) | D64: =1-(1-D7)*(1-D16) | E64: =1-(1-D8)*(1-D16) | F64: =1-(1-D9)*(1-D16) | G64: =1-(1-D10)*(1-D16)
A65: CNS04 | B65: Construction | C65: =1-(1-D6)*(1-D17) | D65: =1-(1-D7)*(1-D17) | E65: =1-(1-D8)*(1-D17) | F65: =1-(1-D9)*(1-D17) | G65: =1-(1-D10)*(1-D17)
A66: CNS05 | B66: Manufacturing | C66: =1-(1-D6)*(1-D18) | D66: =1-(1-D7)*(1-D18) | E66: =1-(1-D8)*(1-D18) | F66: =1-(1-D9)*(1-D18) | G66: =1-(1-D10)*(1-D18)
A67: CNS06 | B67: Wholesale Trade | C67: =1-(1-D6)*(1-D19) | D67: =1-(1-D7)*(1-D19) | E67: =1-(1-D8)*(1-D19) | F67: =1-(1-D9)*(1-D19) | G67: =1-(1-D10)*(1-D19)
A68: CNS07 | B68: Retail Trade | C68: =1-(1-D6)*(1-D20) | D68: =1-(1-D7)*(1-D20) | E68: =1-(1-D8)*(1-D20) | F68: =1-(1-D9)*(1-D20) | G68: =1-(1-D10)*(1-D20)
A69: CNS08 | B69: Transportation & Warehousing | C69: =1-(1-D6)*(1-D21) | D69: =1-(1-D7)*(1-D21) | E69: =1-(1-D8)*(1-D21) | F69: =1-(1-D9)*(1-D21) | G69: =1-(1-D10)*(1-D21)
A70: CNS09 | B70: Information | C70: =1-(1-D6)*(1-D22) | D70: =1-(1-D7)*(1-D22) | E70: =1-(1-D8)*(1-D22) | F70: =1-(1-D9)*(1-D22) | G70: =1-(1-D10)*(1-D22)
A71: CNS10 | B71: Finance & Insurance | C71: =1-(1-D6)*(1-D23) | D71: =1-(1-D7)*(1-D23) | E71: =1-(1-D8)*(1-D23) | F71: =1-(1-D9)*(1-D23) | G71: =1-(1-D10)*(1-D23)
A72: CNS11 | B72: Real Estate & Rental/Leasing | C72: =1-(1-D6)*(1-D24) | D72: =1-(1-D7)*(1-D24) | E72: =1-(1-D8)*(1-D24) | F72: =1-(1-D9)*(1-D24) | G72: =1-(1-D10)*(1-D24)
A73: CNS12 | B73: Professional, Scientific, Tech | C73: =1-(1-D6)*(1-D25) | D73: =1-(1-D7)*(1-D25) | E73: =1-(1-D8)*(1-D25) | F73: =1-(1-D9)*(1-D25) | G73: =1-(1-D10)*(1-D25)
A74: CNS13 | B74: Management of Companies | C74: =1-(1-D6)*(1-D26) | D74: =1-(1-D7)*(1-D26) | E74: =1-(1-D8)*(1-D26) | F74: =1-(1-D9)*(1-D26) | G74: =1-(1-D10)*(1-D26)
A75: CNS14 | B75: Admin/Support/Waste Mgmt | C75: =1-(1-D6)*(1-D27) | D75: =1-(1-D7)*(1-D27) | E75: =1-(1-D8)*(1-D27) | F75: =1-(1-D9)*(1-D27) | G75: =1-(1-D10)*(1-D27)
A76: CNS15 | B76: Educational Services | C76: =1-(1-D6)*(1-D28) | D76: =1-(1-D7)*(1-D28) | E76: =1-(1-D8)*(1-D28) | F76: =1-(1-D9)*(1-D28) | G76: =1-(1-D10)*(1-D28)
A77: CNS16 | B77: Healthcare & Social Assistance | C77: =1-(1-D6)*(1-D29) | D77: =1-(1-D7)*(1-D29) | E77: =1-(1-D8)*(1-D29) | F77: =1-(1-D9)*(1-D29) | G77: =1-(1-D10)*(1-D29)
A78: CNS17 | B78: Arts, Entertainment, Recreation | C78: =1-(1-D6)*(1-D30) | D78: =1-(1-D7)*(1-D30) | E78: =1-(1-D8)*(1-D30) | F78: =1-(1-D9)*(1-D30) | G78: =1-(1-D10)*(1-D30)
A79: CNS18 | B79: Accommodation & Food Services | C79: =1-(1-D6)*(1-D31) | D79: =1-(1-D7)*(1-D31) | E79: =1-(1-D8)*(1-D31) | F79: =1-(1-D9)*(1-D31) | G79: =1-(1-D10)*(1-D31)
A80: CNS19 | B80: Other Services | C80: =1-(1-D6)*(1-D32) | D80: =1-(1-D7)*(1-D32) | E80: =1-(1-D8)*(1-D32) | F80: =1-(1-D9)*(1-D32) | G80: =1-(1-D10)*(1-D32)
A81: CNS20 | B81: Public Administration | C81: =1-(1-D6)*(1-D33) | D81: =1-(1-D7)*(1-D33) | E81: =1-(1-D8)*(1-D33) | F81: =1-(1-D9)*(1-D33) | G81: =1-(1-D10)*(1-D33)

Sheet Ex1 NYC Intra-City
A1: Example 1: Two Census Tracts Within New York City
A2: Tract 7, Financial District (workplace: finance/professional) vs. Tract 184, East Harlem (workplace: healthcare/education)
A4: Scenario Parameter
B5: α (proportional WFH scaling factor) | C5: 0.25
B6: Δwₑₒ = α · wₑₒ → A positive α means WFH increases proportionally across all segments.
A8: Step 1: Demographic Inputs for the Two Tracts
C9: Zone i | D9: Zone j
B10: Tract Name | C10: Tract 7, Financial Dist. | D10: Tract 184, East Harlem
B11: FIPS Code | C11: 36061000700 | D11: 36061018400
A13: Education Shares at Residence (Eᵣₑ) — from ACS Table B15003
C14: Less than HS | D14: HS Diploma | E14: Some College/Assoc. | F14: Bachelor's | G14: Advanced | H14: Total
B15: Zone i: Tract 7, Financial Dist. | C15: 0.016427 | D15: 0.039343 | E15: 0.080618 | F15: 0.496825 | G15: 0.366786 | H15: =SUM(C15:G15)
B16: Zone j: Tract 184, East Harlem | C16: 0.178913 | D16: 0.196914 | E16: 0.276267 | F16: 0.223549 | G16: 0.124357 | H16: =SUM(C16:G16)
A18: Industry Shares at Workplace (Oₛₒ) — from LODES WAC files
A19: LODES | B19: Industry Sector | C19: Zone i (workplace) | D19: Zone j (workplace)
A20: CNS01 | B20: Agriculture, Forestry, Fishing | C20: 0 | D20: 0
A21: CNS02 | B21: Mining, Quarrying, Oil/Gas | C21: 7.7e-05 | D21: 0
A22: CNS03 | B22: Utilities | C22: 3.9e-05 | D22: 0
A23: CNS04 | B23: Construction | C23: 0.020311 | D23: 0.028777
A24: CNS05 | B24: Manufacturing | C24: 0.00114 | D24: 0.005139
A25: CNS06 | B25: Wholesale Trade | C25: 0.032544 | D25: 0.001028
A26: CNS07 | B26: Retail Trade | C26: 0.068643 | D26: 0.088386
A27: CNS08 | B27: Transportation & Warehousing | C27: 0.013991 | D27: 0
A28: CNS09 | B28: Information | C28: 0.034476 | D28: 0.003083
A29: CNS10 | B29: Finance & Insurance | C29: 0.197696 | D29: 0.005139
A30: CNS11 | B30: Real Estate & Rental/Leasing | C30: 0.012445 | D30: 0.077081
A31: CNS12 | B31: Professional, Scientific, Tech | C31: 0.232907 | D31: 0.017472
... A39: CNS20 | B39: Public Administration | C39: 0.045066 | D39: 0.121274
B40: Total | C40: =SUM(C20:C39) | D40: =SUM(D20:D39)
A42: LODES Commute Counts and Deep Gravity Baseline Flow
B43: L_ij (workers with residence r=i, workplace s=j) | C43: 0
B44: L_ji (workers with residence r=j, workplace s=i) | C44: 23
B45: T_ij (Deep Gravity baseline flow, dummy) | C45: 2200
A47: Step 2: Bounded Perturbation Deltas Δwₑₒ = max(−wₑₒ, min(α·wₑₒ, uₑₒ−wₑₒ))
A48: Change in WFH rate for each segment, bounded by structural feasibility. Positive = more WFH; negative = less WFH.
A49: LODES | B49: Industry | C49: Less than HS | D49: HS Diploma | E49: Some College/Assoc. | F49: Bachelor's | G49: Advanced
A50: CNS01 | B50: Agriculture, Forestry, Fishing | C50: =MAX(-Parameters!C38,MIN($C$5*Parameters!C38,Parameters!C62-Parameters!C38)) | D50: =MAX(-Parameters!D38,MIN($C$5*Parameters!D38,Parameters!D62-Parameters!D38)) | E50: =MAX(-Parameters!E38,MIN($C$5*Parameters!E38,Parameters!E62-Parameters!E38)) | F50: =MAX(-Parameters!F38,MIN($C$5*Parameters!F38,Parameters!F62-Parameters!F38)) | G50: =MAX(-Parameters!G38,MIN($C$5*Parameters!G38,Parameters!G62-Parameters!G38))
A51: CNS02 | B51: Mining, Quarrying, Oil/Gas | C51: =MAX(-Parameters!C39,MIN($C$5*Parameters!C39,Parameters!C63-Parameters!C39)) | D51: =MAX(-Parameters!D39,MIN($C$5*Parameters!D39,Parameters!D63-Parameters!D39)) | E51: =MAX(-Parameters!E39,MIN($C$5*Parameters!E39,Parameters!E63-Parameters!E39)) | F51: =MAX(-Parameters!F39,MIN($C$5*Parameters!F39,Parameters!F63-Parameters!F39)) | G51: =MAX(-Parameters!G39,MIN($C$5*Parameters!G39,Parameters!G63-Parameters!G39))
A52: CNS03 | B52: Utilities | C52: =MAX(-Parameters!C40,MIN($C$5*Parameters!C40,Parameters!C64-Parameters!C40)) | D52: =MAX(-Parameters!D40,MIN($C$5*Parameters!D40,Parameters!D64-Parameters!D40)) | E52: =MAX(-Parameters!E40,MIN($C$5*Parameters!E40,Parameters!E64-Parameters!E40)) | F52: =MAX(-Parameters!F40,MIN($C$5*Parameters!F40,Parameters!F64-Parameters!F40)) | G52: =MAX(-Parameters!G40,MIN($C$5*Parameters!G40,Parameters!G64-Parameters!G40))
A53: CNS04 | B53: Construction | C53: =MAX(-Parameters!C41,MIN($C$5*Parameters!C41,Parameters!C65-Parameters!C41)) | D53: =MAX(-Parameters!D41,MIN($C$5*Parameters!D41,Parameters!D65-Parameters!D41)) | E53: =MAX(-Parameters!E41,MIN($C$5*Parameters!E41,Parameters!E65-Parameters!E41)) | F53: =MAX(-Parameters!F41,MIN($C$5*Parameters!F41,Parameters!F65-Parameters!F41)) | G53: =MAX(-Parameters!G41,MIN($C$5*Parameters!G41,Parameters!G65-Parameters!G41))
A54: CNS05 | B54: Manufacturing | C54: =MAX(-Parameters!C42,MIN($C$5*Parameters!C42,Parameters!C66-Parameters!C42)) | D54: =MAX(-Parameters!D42,MIN($C$5*Parameters!D42,Parameters!D66-Parameters!D42)) | E54: =MAX(-Parameters!E42,MIN($C$5*Parameters!E42,Parameters!E66-Parameters!E42)) | F54: =MAX(-Parameters!F42,MIN($C$5*Parameters!F42,Parameters!F66-Parameters!F42)) | G54: =MAX(-Parameters!G42,MIN($C$5*Parameters!G42,Parameters!G66-Parameters!G42))
A55: CNS06 | B55: Wholesale Trade | C55: =MAX(-Parameters!C43,MIN($C$5*Parameters!C43,Parameters!C67-Parameters!C43)) | D55: =MAX(-Parameters!D43,MIN($C$5*Parameters!D43,Parameters!D67-Parameters!D43)) | E55: =MAX(-Parameters!E43,MIN($C$5*Parameters!E43,Parameters!E67-Parameters!E43)) | F55: =MAX(-Parameters!F43,MIN($C$5*Parameters!F43,Parameters!F67-Parameters!F43)) | G55: =MAX(-Parameters!G43,MIN($C$5*Parameters!G43,Parameters!G67-Parameters!G43))
A56: CNS07 | B56: Retail Trade | C56: =MAX(-Parameters!C44,MIN($C$5*Parameters!C44,Parameters!C68-Parameters!C44)) | D56: =MAX(-Parameters!D44,MIN($C$5*Parameters!D44,Parameters!D68-Parameters!D44)) | E56: =MAX(-Parameters!E44,MIN($C$5*Parameters!E44,Parameters!E68-Parameters!E44)) | F56: =MAX(-Parameters!F44,MIN($C$5*Parameters!F44,Parameters!F68-Parameters!F44)) | G56: =MAX(-Parameters!G44,MIN($C$5*Parameters!G44,Parameters!G68-Parameters!G44))
A57: CNS08 | B57: Transportation & Warehousing | C57: =MAX(-Parameters!C45,MIN($C$5*Parameters!C45,Parameters!C69-Parameters!C45)) | D57: =MAX(-Parameters!D45,MIN($C$5*Parameters!D45,Parameters!D69-Parameters!D45)) | E57: =MAX(-Parameters!E45,MIN($C$5*Parameters!E45,Parameters!E69-Parameters!E45)) | F57: =MAX(-Parameters!F45,MIN($C$5*Parameters!F45,Parameters!F69-Parameters!F45)) | G57: =MAX(-Parameters!G45,MIN($C$5*Parameters!G45,Parameters!G69-Parameters!G45))
A58: CNS09 | B58: Information | C58: =MAX(-Parameters!C46,MIN($C$5*Parameters!C46,Parameters!C70-Parameters!C46)) | D58: =MAX(-Parameters!D46,MIN($C$5*Parameters!D46,Parameters!D70-Parameters!D46)) | E58: =MAX(-Parameters!E46,MIN($C$5*Parameters!E46,Parameters!E70-Parameters!E46)) | F58: =MAX(-Parameters!F46,MIN($C$5*Parameters!F46,Parameters!F70-Parameters!F46)) | G58: =MAX(-Parameters!G46,MIN($C$5*Parameters!G46,Parameters!G70-Parameters!G46))
A59: CNS10 | B59: Finance & Insurance | C59: =MAX(-Parameters!C47,MIN($C$5*Parameters!C47,Parameters!C71-Parameters!C47)) | D59: =MAX(-Parameters!D47,MIN($C$5*Parameters!D47,Parameters!D71-Parameters!D47)) | E59: =MAX(-Parameters!E47,MIN($C$5*Parameters!E47,Parameters!E71-Parameters!E47)) | F59: =MAX(-Parameters!F47,MIN($C$5*Parameters!F47,Parameters!F71-Parameters!F47)) | G59: =MAX(-Parameters!G47,MIN($C$5*Parameters!G47,Parameters!G71-Parameters!G47))
A60: CNS11 | B60: Real Estate & Rental/Leasing | C60: =MAX(-Parameters!C48,MIN($C$5*Parameters!C48,Parameters!C72-Parameters!C48)) | D60: =MAX(-Parameters!D48,MIN($C$5*Parameters!D48,Parameters!D72-Parameters!D48)) | E60: =MAX(-Parameters!E48,MIN($C$5*Parameters!E48,Parameters!E72-Parameters!E48)) | F60: =MAX(-Parameters!F48,MIN($C$5*Parameters!F48,Parameters!F72-Parameters!F48)) | G60: =MAX(-Parameters!G48,MIN($C$5*Parameters!G48,Parameters!G72-Parameters!G48))
A61: CNS12 | B61: Professional, Scientific, Tech | C61: =MAX(-Parameters!C49,MIN($C$5*Parameters!C49,Parameters!C73-Parameters!C49)) | D61: =MAX(-Parameters!D49,MIN($C$5*Parameters!D49,Parameters!D73-Parameters!D49)) | E61: =MAX(-Parameters!E49,MIN($C$5*Parameters!E49,Parameters!E73-Parameters!E49)) | F61: =MAX(-Parameters!F49,MIN($C$5*Parameters!F49,Parameters!F73-Parameters!F49)) | G61: =MAX(-Parameters!G49,MIN($C$5*Parameters!G49,Parameters!G73-Parameters!G49))
... A69: CNS20 | B69: Public Administration | C69: =MAX(-Parameters!C57,MIN($C$5*Parameters!C57,Parameters!C81-Parameters!C57)) | D69: =MAX(-Parameters!D57,MIN($C$5*Parameters!D57,Parameters!D81-Parameters!D57)) | E69: =MAX(-Parameters!E57,MIN($C$5*Parameters!E57,Parameters!E81-Parameters!E57)) | F69: =MAX(-Parameters!F57,MIN($C$5*Parameters!F57,Parameters!F81-Parameters!F57)) | G69: =MAX(-Parameters!G57,MIN($C$5*Parameters!G57,Parameters!G81-Parameters!G57))
A71: Step 3: Perturbation Weights Wₑₒ = 1 − Δwₑₒ / (1 − wₑₒ)
A72: Weight < 1 means fewer trips (more WFH). Weight = 1 means no change. Weight > 1 means more trips (less WFH).
A73: LODES | B73: Industry | C73: Less than HS | D73: HS Diploma | E73: Some College/Assoc. | F73: Bachelor's | G73: Advanced
A74: CNS01 | B74: Agriculture, Forestry, Fishing | C74: =1-C50/(1-Parameters!C38) | D74: =1-D50/(1-Parameters!D38) | E74: =1-E50/(1-Parameters!E38) | F74: =1-F50/(1-Parameters!F38) | G74: =1-G50/(1-Parameters!G38)
A75: CNS02 | B75: Mining, Quarrying, Oil/Gas | C75: =1-C51/(1-Parameters!C39) | D75: =1-D51/(1-Parameters!D39) | E75: =1-E51/(1-Parameters!E39) | F75: =1-F51/(1-Parameters!F39) | G75: =1-G51/(1-Parameters!G39)
A76: CNS03 | B76: Utilities | C76: =1-C52/(1-Parameters!C40) | D76: =1-D52/(1-Parameters!D40) | E76: =1-E52/(1-Parameters!E40) | F76: =1-F52/(1-Parameters!F40) | G76: =1-G52/(1-Parameters!G40)
A77: CNS04 | B77: Construction | C77: =1-C53/(1-Parameters!C41) | D77: =1-D53/(1-Parameters!D41) | E77: =1-E53/(1-Parameters!E41) | F77: =1-F53/(1-Parameters!F41) | G77: =1-G53/(1-Parameters!G41)
A78: CNS05 | B78: Manufacturing | C78: =1-C54/(1-Parameters!C42) | D78: =1-D54/(1-Parameters!D42) | E78: =1-E54/(1-Parameters!E42) | F78: =1-F54/(1-Parameters!F42) | G78: =1-G54/(1-Parameters!G42)
A79: CNS06 | B79: Wholesale Trade | C79: =1-C55/(1-Parameters!C43) | D79: =1-D55/(1-Parameters!D43) | E79: =1-E55/(1-Parameters!E43) | F79: =1-F55/(1-Parameters!F43) | G79: =1-G55/(1-Parameters!G43)
A80: CNS07 | B80: Retail Trade | C80: =1-C56/(1-Parameters!C44) | D80: =1-D56/(1-Parameters!D44) | E80: =1-E56/(1-Parameters!E44) | F80: =1-F56/(1-Parameters!F44) | G80: =1-G56/(1-Parameters!G44)
A81: CNS08 | B81: Transportation & Warehousing | C81: =1-C57/(1-Parameters!C45) | D81: =1-D57/(1-Parameters!D45) | E81: =1-E57/(1-Parameters!E45) | F81: =1-F57/(1-Parameters!F45) | G81: =1-G57/(1-Parameters!G45)
A82: CNS09 | B82: Information | C82: =1-C58/(1-Parameters!C46) | D82: =1-D58/(1-Parameters!D46) | E82: =1-E58/(1-Parameters!E46) | F82: =1-F58/(1-Parameters!F46) | G82: =1-G58/(1-Parameters!G46)
A83: CNS10 | B83: Finance & Insurance | C83: =1-C59/(1-Parameters!C47) | D83: =1-D59/(1-Parameters!D47) | E83: =1-E59/(1-Parameters!E47) | F83: =1-F59/(1-Parameters!F47) | G83: =1-G59/(1-Parameters!G47)
A84: CNS11 | B84: Real Estate & Rental/Leasing | C84: =1-C60/(1-Parameters!C48) | D84: =1-D60/(1-Parameters!D48) | E84: =1-E60/(1-Parameters!E48) | F84: =1-F60/(1-Parameters!F48) | G84: =1-G60/(1-Parameters!G48)
A85: CNS12 | B85: Professional, Scientific, Tech | C85: =1-C61/(1-Parameters!C49) | D85: =1-D61/(1-Parameters!D49) | E85: =1-E61/(1-Parameters!E49) | F85: =1-F61/(1-Parameters!F49) | G85: =1-G61/(1-Parameters!G49)
... A93: CNS20 | B93: Public Administration | C93: =1-C69/(1-Parameters!C57) | D93: =1-D69/(1-Parameters!D57) | E93: =1-E69/(1-Parameters!E57) | F93: =1-F69/(1-Parameters!F57) | G93: =1-G69/(1-Parameters!G57)
A95: Step 4: Aggregate Perturbation Factors (Ω)
A96: First compute industry-weighted perturbation θₑ for each education level at a given workplace, then weight by residence education shares.
A98: Ω_ij: Workers with residence r = zone i, workplace s = zone j
A99: θₑ(s=j) = Σₒ Wₑₒ · O_jo (industry-weighted perturbation at workplace zone j, for each education level e)
C100: Less than HS | D100: HS Diploma | E100: Some College/Assoc. | F100: Bachelor's | G100: Advanced
B101: θₑ(s=j) | C101: =SUMPRODUCT(C74:C93,D20:D39) | D101: =SUMPRODUCT(D74:D93,D20:D39) | E101: =SUMPRODUCT(E74:E93,D20:D39) | F101: =SUMPRODUCT(F74:F93,D20:D39) | G101: =SUMPRODUCT(G74:G93,D20:D39)
B103: Ω_ij = Σₑ E_ie · θₑ(s=j) | C103: =SUMPRODUCT(C15:G15,C101:G101)
A105: Ω_ji: Workers with residence r = zone j, workplace s = zone i
A106: θₑ(s=i) = Σₒ Wₑₒ · O_io (industry-weighted perturbation at workplace zone i, for each education level e)
C107: Less than HS | D107: HS Diploma | E107: Some College/Assoc. | F107: Bachelor's | G107: Advanced
B108: θₑ(s=i) | C108: =SUMPRODUCT(C74:C93,C20:C39) | D108: =SUMPRODUCT(D74:D93,C20:C39) | E108: =SUMPRODUCT(E74:E93,C20:C39) | F108: =SUMPRODUCT(F74:F93,C20:C39) | G108: =SUMPRODUCT(G74:G93,C20:C39)
B110: Ω_ji = Σₑ E_je · θₑ(s=i) | C110: =SUMPRODUCT(C16:G16,C108:G108)
A112: Step 5: Symmetric Perturbation Factor and Perturbed Flow
A113: P_ij weights the two Ω factors by LODES commute counts, ensuring P_ij = P_ji (symmetry).
B115: P_ij = (L_ij · Ω_ij + L_ji · Ω_ji) / (L_ij + L_ji)
B116: P_ij (symmetric perturbation factor) | C116: =IF(C43+C44=0,(C103+C110)/2,(C43*C103+C44*C110)/(C43+C44))
A118: Final Result: Perturbed Flow
B119: G_ij = T_ij × P_ij
B120: Baseline flow (T_ij) | C120: =C45
B121: Perturbation factor (P_ij) | C121: =C116
B122: Perturbed flow (G_ij) | C122: =C45*C116
B123: Absolute change (G − T) | C123: =C122-C45
B124: Percent change | C124: =(C122-C45)/C45
A126: Interpretation
A127: With α = 0.25, WFH rates increase by 25% proportionally across all education-industry segments. The perturbation factor P_ij reflects the demographic composition of commuters between these two zones — zone pairs with more WFH-susceptible workers (higher education, office-based industries) show larger trip reductions.

Sheet Ex2 NYC Metro
A1: Example 2: Two Census Tracts in the NYC Metro Area
A2: Tract 50, Bergen County NJ (suburban bedroom community) vs. Tract 100, Midtown Manhattan (office district)
A4: Scenario Parameter
B5: α (proportional WFH scaling factor) | C5: 0.25
B6: Δwₑₒ = α · wₑₒ → A positive α means WFH increases proportionally across all segments.
A8: Step 1: Demographic Inputs for the Two Tracts
C9: Zone i | D9: Zone j
B10: Tract Name | C10: Tract 50, Bergen Co. NJ | D10: Tract 100, Midtown Manhattan
B11: FIPS Code | C11: 34003005000 | D11: 36061010000
A13: Education Shares at Residence (Eᵣₑ) — from ACS Table B15003
C14: Less than HS | D14: HS Diploma | E14: Some College/Assoc. | F14: Bachelor's | G14: Advanced | H14: Total
B15: Zone i: Tract 50, Bergen Co. NJ | C15: 0.05218 | D15: 0.392139 | E15: 0.247572 | F15: 0.185905 | G15: 0.122205 | H15: =SUM(C15:G15)
B16: Zone j: Tract 100, Midtown Manhat | C16: 0.006887 | D16: 0.097107 | E16: 0.013774 | F16: 0.469008 | G16: 0.413223 | H16: =SUM(C16:G16)
A18: Industry Shares at Workplace (Oₛₒ) — from LODES WAC files
A19: LODES | B19: Industry Sector | C19: Zone i (workplace) | D19: Zone j (workplace)
A20: CNS01 | B20: Agriculture, Forestry, Fishing | C20: 0.000163 | D20: 0
A21: CNS02 | B21: Mining, Quarrying, Oil/Gas | C21: 0 | D21: 0
A22: CNS03 | B22: Utilities | C22: 0.000894 | D22: 0
A23: CNS04 | B23: Construction | C23: 0.060941 | D23: 0.006832
A24: CNS05 | B24: Manufacturing | C24: 0.231494 | D24: 0.000277
A25: CNS06 | B25: Wholesale Trade | C25: 0.221662 | D25: 0.009764
A26: CNS07 | B26: Retail Trade | C26: 0.05956 | D26: 0.006472
A27: CNS08 | B27: Transportation & Warehousing | C27: 0.15609 | D27: 0.000885
A28: CNS09 | B28: Information | C28: 0.007394 | D28: 0.039359
A29: CNS10 | B29: Finance & Insurance | C29: 0.00585 | D29: 0.414643
A30: CNS11 | B30: Real Estate & Rental/Leasing | C30: 0.044528 | D30: 0.042319
A31: CNS12 | B31: Professional, Scientific, Tech | C31: 0.04859 | D31: 0.268075
... A39: CNS20 | B39: Public Administration | C39: 0.011457 | D39: 0.011617
B40: Total | C40: =SUM(C20:C39) | D40: =SUM(D20:D39)
A42: LODES Commute Counts and Deep Gravity Baseline Flow
B43: L_ij (workers with residence r=i, workplace s=j) | C43: 0
B44: L_ji (workers with residence r=j, workplace s=i) | C44: 0
B45: T_ij (Deep Gravity baseline flow, dummy) | C45: 2800
A47: Step 2: Bounded Perturbation Deltas Δwₑₒ = max(−wₑₒ, min(α·wₑₒ, uₑₒ−wₑₒ))
A48: Change in WFH rate for each segment, bounded by structural feasibility. Positive = more WFH; negative = less WFH.
A49: LODES | B49: Industry | C49: Less than HS | D49: HS Diploma | E49: Some College/Assoc. | F49: Bachelor's | G49: Advanced
A50: CNS01 | B50: Agriculture, Forestry, Fishing | C50: =MAX(-Parameters!C38,MIN($C$5*Parameters!C38,Parameters!C62-Parameters!C38)) | D50: =MAX(-Parameters!D38,MIN($C$5*Parameters!D38,Parameters!D62-Parameters!D38)) | E50: =MAX(-Parameters!E38,MIN($C$5*Parameters!E38,Parameters!E62-Parameters!E38)) | F50: =MAX(-Parameters!F38,MIN($C$5*Parameters!F38,Parameters!F62-Parameters!F38)) | G50: =MAX(-Parameters!G38,MIN($C$5*Parameters!G38,Parameters!G62-Parameters!G38))
A51: CNS02 | B51: Mining, Quarrying, Oil/Gas | C51: =MAX(-Parameters!C39,MIN($C$5*Parameters!C39,Parameters!C63-Parameters!C39)) | D51: =MAX(-Parameters!D39,MIN($C$5*Parameters!D39,Parameters!D63-Parameters!D39)) | E51: =MAX(-Parameters!E39,MIN($C$5*Parameters!E39,Parameters!E63-Parameters!E39)) | F51: =MAX(-Parameters!F39,MIN($C$5*Parameters!F39,Parameters!F63-Parameters!F39)) | G51: =MAX(-Parameters!G39,MIN($C$5*Parameters!G39,Parameters!G63-Parameters!G39))
A52: CNS03 | B52: Utilities | C52: =MAX(-Parameters!C40,MIN($C$5*Parameters!C40,Parameters!C64-Parameters!C40)) | D52: =MAX(-Parameters!D40,MIN($C$5*Parameters!D40,Parameters!D64-Parameters!D40)) | E52: =MAX(-Parameters!E40,MIN($C$5*Parameters!E40,Parameters!E64-Parameters!E40)) | F52: =MAX(-Parameters!F40,MIN($C$5*Parameters!F40,Parameters!F64-Parameters!F40)) | G52: =MAX(-Parameters!G40,MIN($C$5*Parameters!G40,Parameters!G64-Parameters!G40))
A53: CNS04 | B53: Construction | C53: =MAX(-Parameters!C41,MIN($C$5*Parameters!C41,Parameters!C65-Parameters!C41)) | D53: =MAX(-Parameters!D41,MIN($C$5*Parameters!D41,Parameters!D65-Parameters!D41)) | E53: =MAX(-Parameters!E41,MIN($C$5*Parameters!E41,Parameters!E65-Parameters!E41)) | F53: =MAX(-Parameters!F41,MIN($C$5*Parameters!F41,Parameters!F65-Parameters!F41)) | G53: =MAX(-Parameters!G41,MIN($C$5*Parameters!G41,Parameters!G65-Parameters!G41))
A54: CNS05 | B54: Manufacturing | C54: =MAX(-Parameters!C42,MIN($C$5*Parameters!C42,Parameters!C66-Parameters!C42)) | D54: =MAX(-Parameters!D42,MIN($C$5*Parameters!D42,Parameters!D66-Parameters!D42)) | E54: =MAX(-Parameters!E42,MIN($C$5*Parameters!E42,Parameters!E66-Parameters!E42)) | F54: =MAX(-Parameters!F42,MIN($C$5*Parameters!F42,Parameters!F66-Parameters!F42)) | G54: =MAX(-Parameters!G42,MIN($C$5*Parameters!G42,Parameters!G66-Parameters!G42))
A55: CNS06 | B55: Wholesale Trade | C55: =MAX(-Parameters!C43,MIN($C$5*Parameters!C43,Parameters!C67-Parameters!C43)) | D55: =MAX(-Parameters!D43,MIN($C$5*Parameters!D43,Parameters!D67-Parameters!D43)) | E55: =MAX(-Parameters!E43,MIN($C$5*Parameters!E43,Parameters!E67-Parameters!E43)) | F55: =MAX(-Parameters!F43,MIN($C$5*Parameters!F43,Parameters!F67-Parameters!F43)) | G55: =MAX(-Parameters!G43,MIN($C$5*Parameters!G43,Parameters!G67-Parameters!G43))
A56: CNS07 | B56: Retail Trade | C56: =MAX(-Parameters!C44,MIN($C$5*Parameters!C44,Parameters!C68-Parameters!C44)) | D56: =MAX(-Parameters!D44,MIN($C$5*Parameters!D44,Parameters!D68-Parameters!D44)) | E56: =MAX(-Parameters!E44,MIN($C$5*Parameters!E44,Parameters!E68-Parameters!E44)) | F56: =MAX(-Parameters!F44,MIN($C$5*Parameters!F44,Parameters!F68-Parameters!F44)) | G56: =MAX(-Parameters!G44,MIN($C$5*Parameters!G44,Parameters!G68-Parameters!G44))
A57: CNS08 | B57: Transportation & Warehousing | C57: =MAX(-Parameters!C45,MIN($C$5*Parameters!C45,Parameters!C69-Parameters!C45)) | D57: =MAX(-Parameters!D45,MIN($C$5*Parameters!D45,Parameters!D69-Parameters!D45)) | E57: =MAX(-Parameters!E45,MIN($C$5*Parameters!E45,Parameters!E69-Parameters!E45)) | F57: =MAX(-Parameters!F45,MIN($C$5*Parameters!F45,Parameters!F69-Parameters!F45)) | G57: =MAX(-Parameters!G45,MIN($C$5*Parameters!G45,Parameters!G69-Parameters!G45))
A58: CNS09 | B58: Information | C58: =MAX(-Parameters!C46,MIN($C$5*Parameters!C46,Parameters!C70-Parameters!C46)) | D58: =MAX(-Parameters!D46,MIN($C$5*Parameters!D46,Parameters!D70-Parameters!D46)) | E58: =MAX(-Parameters!E46,MIN($C$5*Parameters!E46,Parameters!E70-Parameters!E46)) | F58: =MAX(-Parameters!F46,MIN($C$5*Parameters!F46,Parameters!F70-Parameters!F46)) | G58: =MAX(-Parameters!G46,MIN($C$5*Parameters!G46,Parameters!G70-Parameters!G46))
A59: CNS10 | B59: Finance & Insurance | C59: =MAX(-Parameters!C47,MIN($C$5*Parameters!C47,Parameters!C71-Parameters!C47)) | D59: =MAX(-Parameters!D47,MIN($C$5*Parameters!D47,Parameters!D71-Parameters!D47)) | E59: =MAX(-Parameters!E47,MIN($C$5*Parameters!E47,Parameters!E71-Parameters!E47)) | F59: =MAX(-Parameters!F47,MIN($C$5*Parameters!F47,Parameters!F71-Parameters!F47)) | G59: =MAX(-Parameters!G47,MIN($C$5*Parameters!G47,Parameters!G71-Parameters!G47))
A60: CNS11 | B60: Real Estate & Rental/Leasing | C60: =MAX(-Parameters!C48,MIN($C$5*Parameters!C48,Parameters!C72-Parameters!C48)) | D60: =MAX(-Parameters!D48,MIN($C$5*Parameters!D48,Parameters!D72-Parameters!D48)) | E60: =MAX(-Parameters!E48,MIN($C$5*Parameters!E48,Parameters!E72-Parameters!E48)) | F60: =MAX(-Parameters!F48,MIN($C$5*Parameters!F48,Parameters!F72-Parameters!F48)) | G60: =MAX(-Parameters!G48,MIN($C$5*Parameters!G48,Parameters!G72-Parameters!G48))
A61: CNS12 | B61: Professional, Scientific, Tech | C61: =MAX(-Parameters!C49,MIN($C$5*Parameters!C49,Parameters!C73-Parameters!C49)) | D61: =MAX(-Parameters!D49,MIN($C$5*Parameters!D49,Parameters!D73-Parameters!D49)) | E61: =MAX(-Parameters!E49,MIN($C$5*Parameters!E49,Parameters!E73-Parameters!E49)) | F61: =MAX(-Parameters!F49,MIN($C$5*Parameters!F49,Parameters!F73-Parameters!F49)) | G61: =MAX(-Parameters!G49,MIN($C$5*Parameters!G49,Parameters!G73-Parameters!G49))
... A69: CNS20 | B69: Public Administration | C69: =MAX(-Parameters!C57,MIN($C$5*Parameters!C57,Parameters!C81-Parameters!C57)) | D69: =MAX(-Parameters!D57,MIN($C$5*Parameters!D57,Parameters!D81-Parameters!D57)) | E69: =MAX(-Parameters!E57,MIN($C$5*Parameters!E57,Parameters!E81-Parameters!E57)) | F69: =MAX(-Parameters!F57,MIN($C$5*Parameters!F57,Parameters!F81-Parameters!F57)) | G69: =MAX(-Parameters!G57,MIN($C$5*Parameters!G57,Parameters!G81-Parameters!G57))
A71: Step 3: Perturbation Weights Wₑₒ = 1 − Δwₑₒ / (1 − wₑₒ)
A72: Weight < 1 means fewer trips (more WFH). Weight = 1 means no change. Weight > 1 means more trips (less WFH).
A73: LODES | B73: Industry | C73: Less than HS | D73: HS Diploma | E73: Some College/Assoc. | F73: Bachelor's | G73: Advanced
A74: CNS01 | B74: Agriculture, Forestry, Fishing | C74: =1-C50/(1-Parameters!C38) | D74: =1-D50/(1-Parameters!D38) | E74: =1-E50/(1-Parameters!E38) | F74: =1-F50/(1-Parameters!F38) | G74: =1-G50/(1-Parameters!G38)
A75: CNS02 | B75: Mining, Quarrying, Oil/Gas | C75: =1-C51/(1-Parameters!C39) | D75: =1-D51/(1-Parameters!D39) | E75: =1-E51/(1-Parameters!E39) | F75: =1-F51/(1-Parameters!F39) | G75: =1-G51/(1-Parameters!G39)
A76: CNS03 | B76: Utilities | C76: =1-C52/(1-Parameters!C40) | D76: =1-D52/(1-Parameters!D40) | E76: =1-E52/(1-Parameters!E40) | F76: =1-F52/(1-Parameters!F40) | G76: =1-G52/(1-Parameters!G40)
A77: CNS04 | B77: Construction | C77: =1-C53/(1-Parameters!C41) | D77: =1-D53/(1-Parameters!D41) | E77: =1-E53/(1-Parameters!E41) | F77: =1-F53/(1-Parameters!F41) | G77: =1-G53/(1-Parameters!G41)
A78: CNS05 | B78: Manufacturing | C78: =1-C54/(1-Parameters!C42) | D78: =1-D54/(1-Parameters!D42) | E78: =1-E54/(1-Parameters!E42) | F78: =1-F54/(1-Parameters!F42) | G78: =1-G54/(1-Parameters!G42)
A79: CNS06 | B79: Wholesale Trade | C79: =1-C55/(1-Parameters!C43) | D79: =1-D55/(1-Parameters!D43) | E79: =1-E55/(1-Parameters!E43) | F79: =1-F55/(1-Parameters!F43) | G79: =1-G55/(1-Parameters!G43)
A80: CNS07 | B80: Retail Trade | C80: =1-C56/(1-Parameters!C44) | D80: =1-D56/(1-Parameters!D44) | E80: =1-E56/(1-Parameters!E44) | F80: =1-F56/(1-Parameters!F44) | G80: =1-G56/(1-Parameters!G44)
A81: CNS08 | B81: Transportation & Warehousing | C81: =1-C57/(1-Parameters!C45) | D81: =1-D57/(1-Parameters!D45) | E81: =1-E57/(1-Parameters!E45) | F81: =1-F57/(1-Parameters!F45) | G81: =1-G57/(1-Parameters!G45)
A82: CNS09 | B82: Information | C82: =1-C58/(1-Parameters!C46) | D82: =1-D58/(1-Parameters!D46) | E82: =1-E58/(1-Parameters!E46) | F82: =1-F58/(1-Parameters!F46) | G82: =1-G58/(1-Parameters!G46)
A83: CNS10 | B83: Finance & Insurance | C83: =1-C59/(1-Parameters!C47) | D83: =1-D59/(1-Parameters!D47) | E83: =1-E59/(1-Parameters!E47) | F83: =1-F59/(1-Parameters!F47) | G83: =1-G59/(1-Parameters!G47)
A84: CNS11 | B84: Real Estate & Rental/Leasing | C84: =1-C60/(1-Parameters!C48) | D84: =1-D60/(1-Parameters!D48) | E84: =1-E60/(1-Parameters!E48) | F84: =1-F60/(1-Parameters!F48) | G84: =1-G60/(1-Parameters!G48)
A85: CNS12 | B85: Professional, Scientific, Tech | C85: =1-C61/(1-Parameters!C49) | D85: =1-D61/(1-Parameters!D49) | E85: =1-E61/(1-Parameters!E49) | F85: =1-F61/(1-Parameters!F49) | G85: =1-G61/(1-Parameters!G49)
... A93: CNS20 | B93: Public Administration | C93: =1-C69/(1-Parameters!C57) | D93: =1-D69/(1-Parameters!D57) | E93: =1-E69/(1-Parameters!E57) | F93: =1-F69/(1-Parameters!F57) | G93: =1-G69/(1-Parameters!G57)
A95: Step 4: Aggregate Perturbation Factors (Ω)
A96: First compute industry-weighted perturbation θₑ for each education level at a given workplace, then weight by residence education shares.
A98: Ω_ij: Workers with residence r = zone i, workplace s = zone j
A99: θₑ(s=j) = Σₒ Wₑₒ · O_jo (industry-weighted perturbation at workplace zone j, for each education level e)
C100: Less than HS | D100: HS Diploma | E100: Some College/Assoc. | F100: Bachelor's | G100: Advanced
B101: θₑ(s=j) | C101: =SUMPRODUCT(C74:C93,D20:D39) | D101: =SUMPRODUCT(D74:D93,D20:D39) | E101: =SUMPRODUCT(E74:E93,D20:D39) | F101: =SUMPRODUCT(F74:F93,D20:D39) | G101: =SUMPRODUCT(G74:G93,D20:D39)
B103: Ω_ij = Σₑ E_ie · θₑ(s=j) | C103: =SUMPRODUCT(C15:G15,C101:G101)
A105: Ω_ji: Workers with residence r = zone j, workplace s = zone i
A106: θₑ(s=i) = Σₒ Wₑₒ · O_io (industry-weighted perturbation at workplace zone i, for each education level e)
C107: Less than HS | D107: HS Diploma | E107: Some College/Assoc. | F107: Bachelor's | G107: Advanced
B108: θₑ(s=i) | C108: =SUMPRODUCT(C74:C93,C20:C39) | D108: =SUMPRODUCT(D74:D93,C20:C39) | E108: =SUMPRODUCT(E74:E93,C20:C39) | F108: =SUMPRODUCT(F74:F93,C20:C39) | G108: =SUMPRODUCT(G74:G93,C20:C39)
B110: Ω_ji = Σₑ E_je · θₑ(s=i) | C110: =SUMPRODUCT(C16:G16,C108:G108)
A112: Step 5: Symmetric Perturbation Factor and Perturbed Flow
A113: P_ij weights the two Ω factors by LODES commute counts, ensuring P_ij = P_ji (symmetry).
B115: P_ij = (L_ij · Ω_ij + L_ji · Ω_ji) / (L_ij + L_ji)
B116: P_ij (symmetric perturbation factor) | C116: =IF(C43+C44=0,(C103+C110)/2,(C43*C103+C44*C110)/(C43+C44))
A118: Final Result: Perturbed Flow
B119: G_ij = T_ij × P_ij
B120: Baseline flow (T_ij) | C120: =C45
B121: Perturbation factor (P_ij) | C121: =C116
B122: Perturbed flow (G_ij) | C122: =C45*C116
B123: Absolute change (G − T) | C123: =C122-C45
B124: Percent change | C124: =(C122-C45)/C45
A126: Interpretation
A127: With α = 0.25, WFH rates increase by 25% proportionally across all education-industry segments. The perturbation factor P_ij reflects the demographic composition of commuters between these two zones — zone pairs with more WFH-susceptible workers (higher education, office-based industries) show larger trip reductions.

Sheet Ex3 Austin TX
A1: Example 3: Two Census Tracts in Austin, Texas
A2: Tract 11.01, Downtown Austin (tech/govt/professional) vs. Tract 24.22, Suburban Austin (education/accommodation)
A4: Scenario Parameter
B5: α (proportional WFH scaling factor) | C5: 0.25
B6: Δwₑₒ = α · wₑₒ → A positive α means WFH increases proportionally across all segments.
A8: Step 1: Demographic Inputs for the Two Tracts
C9: Zone i | D9: Zone j
B10: Tract Name | C10: Tract 11.01, Downtown Austin | D10: Tract 24.22, Suburban Austin
B11: FIPS Code | C11: 48453001101 | D11: 48453002422
A13: Education Shares at Residence (Eᵣₑ) — from ACS Table B15003
C14: Less than HS | D14: HS Diploma | E14: Some College/Assoc. | F14: Bachelor's | G14: Advanced | H14: Total
B15: Zone i: Tract 11.01, Downtown Aus | C15: 0.062756 | D15: 0.186221 | E15: 0.07708 | F15: 0.401774 | G15: 0.272169 | H15: =SUM(C15:G15)
B16: Zone j: Tract 24.22, Suburban Aus | C16: 0.150966 | D16: 0.136357 | E16: 0.234211 | F16: 0.370263 | G16: 0.108203 | H16: =SUM(C16:G16)
A18: Industry Shares at Workplace (Oₛₒ) — from LODES WAC files
A19: LODES | B19: Industry Sector | C19: Zone i (workplace) | D19: Zone j (workplace)
A20: CNS01 | B20: Agriculture, Forestry, Fishing | C20: 0.000204 | D20: 0
A21: CNS02 | B21: Mining, Quarrying, Oil/Gas | C21: 0.000957 | D21: 0
A22: CNS03 | B22: Utilities | C22: 0.021862 | D22: 0
A23: CNS04 | B23: Construction | C23: 0.012274 | D23: 0.093318
A24: CNS05 | B24: Manufacturing | C24: 0.022371 | D24: 0.10023
A25: CNS06 | B25: Wholesale Trade | C25: 0.021638 | D25: 0.033986
A26: CNS07 | B26: Retail Trade | C26: 0.042258 | D26: 0.084677
A27: CNS08 | B27: Transportation & Warehousing | C27: 0.00631 | D27: 0.044355
A28: CNS09 | B28: Information | C28: 0.064934 | D28: 0.004608
A29: CNS10 | B29: Finance & Insurance | C29: 0.060435 | D29: 0.00576
A30: CNS11 | B30: Real Estate & Rental/Leasing | C30: 0.016142 | D30: 0.039747
A31: CNS12 | B31: Professional, Scientific, Tech | C31: 0.212836 | D31: 0.067972
... A39: CNS20 | B39: Public Administration | C39: 0.293423 | D39: 0
B40: Total | C40: =SUM(C20:C39) | D40: =SUM(D20:D39)
A42: LODES Commute Counts and Deep Gravity Baseline Flow
B43: L_ij (workers with residence r=i, workplace s=j) | C43: 0
B44: L_ji (workers with residence r=j, workplace s=i) | C44: 154
B45: T_ij (Deep Gravity baseline flow, dummy) | C45: 1600
A47: Step 2: Bounded Perturbation Deltas Δwₑₒ = max(−wₑₒ, min(α·wₑₒ, uₑₒ−wₑₒ))
A48: Change in WFH rate for each segment, bounded by structural feasibility. Positive = more WFH; negative = less WFH.
A49: LODES | B49: Industry | C49: Less than HS | D49: HS Diploma | E49: Some College/Assoc. | F49: Bachelor's | G49: Advanced
A50: CNS01 | B50: Agriculture, Forestry, Fishing | C50: =MAX(-Parameters!C38,MIN($C$5*Parameters!C38,Parameters!C62-Parameters!C38)) | D50: =MAX(-Parameters!D38,MIN($C$5*Parameters!D38,Parameters!D62-Parameters!D38)) | E50: =MAX(-Parameters!E38,MIN($C$5*Parameters!E38,Parameters!E62-Parameters!E38)) | F50: =MAX(-Parameters!F38,MIN($C$5*Parameters!F38,Parameters!F62-Parameters!F38)) | G50: =MAX(-Parameters!G38,MIN($C$5*Parameters!G38,Parameters!G62-Parameters!G38))
A51: CNS02 | B51: Mining, Quarrying, Oil/Gas | C51: =MAX(-Parameters!C39,MIN($C$5*Parameters!C39,Parameters!C63-Parameters!C39)) | D51: =MAX(-Parameters!D39,MIN($C$5*Parameters!D39,Parameters!D63-Parameters!D39)) | E51: =MAX(-Parameters!E39,MIN($C$5*Parameters!E39,Parameters!E63-Parameters!E39)) | F51: =MAX(-Parameters!F39,MIN($C$5*Parameters!F39,Parameters!F63-Parameters!F39)) | G51: =MAX(-Parameters!G39,MIN($C$5*Parameters!G39,Parameters!G63-Parameters!G39))
A52: CNS03 | B52: Utilities | C52: =MAX(-Parameters!C40,MIN($C$5*Parameters!C40,Parameters!C64-Parameters!C40)) | D52: =MAX(-Parameters!D40,MIN($C$5*Parameters!D40,Parameters!D64-Parameters!D40)) | E52: =MAX(-Parameters!E40,MIN($C$5*Parameters!E40,Parameters!E64-Parameters!E40)) | F52: =MAX(-Parameters!F40,MIN($C$5*Parameters!F40,Parameters!F64-Parameters!F40)) | G52: =MAX(-Parameters!G40,MIN($C$5*Parameters!G40,Parameters!G64-Parameters!G40))
A53: CNS04 | B53: Construction | C53: =MAX(-Parameters!C41,MIN($C$5*Parameters!C41,Parameters!C65-Parameters!C41)) | D53: =MAX(-Parameters!D41,MIN($C$5*Parameters!D41,Parameters!D65-Parameters!D41)) | E53: =MAX(-Parameters!E41,MIN($C$5*Parameters!E41,Parameters!E65-Parameters!E41)) | F53: =MAX(-Parameters!F41,MIN($C$5*Parameters!F41,Parameters!F65-Parameters!F41)) | G53: =MAX(-Parameters!G41,MIN($C$5*Parameters!G41,Parameters!G65-Parameters!G41))
A54: CNS05 | B54: Manufacturing | C54: =MAX(-Parameters!C42,MIN($C$5*Parameters!C42,Parameters!C66-Parameters!C42)) | D54: =MAX(-Parameters!D42,MIN($C$5*Parameters!D42,Parameters!D66-Parameters!D42)) | E54: =MAX(-Parameters!E42,MIN($C$5*Parameters!E42,Parameters!E66-Parameters!E42)) | F54: =MAX(-Parameters!F42,MIN($C$5*Parameters!F42,Parameters!F66-Parameters!F42)) | G54: =MAX(-Parameters!G42,MIN($C$5*Parameters!G42,Parameters!G66-Parameters!G42))
A55: CNS06 | B55: Wholesale Trade | C55: =MAX(-Parameters!C43,MIN($C$5*Parameters!C43,Parameters!C67-Parameters!C43)) | D55: =MAX(-Parameters!D43,MIN($C$5*Parameters!D43,Parameters!D67-Parameters!D43)) | E55: =MAX(-Parameters!E43,MIN($C$5*Parameters!E43,Parameters!E67-Parameters!E43)) | F55: =MAX(-Parameters!F43,MIN($C$5*Parameters!F43,Parameters!F67-Parameters!F43)) | G55: =MAX(-Parameters!G43,MIN($C$5*Parameters!G43,Parameters!G67-Parameters!G43))
A56: CNS07 | B56: Retail Trade | C56: =MAX(-Parameters!C44,MIN($C$5*Parameters!C44,Parameters!C68-Parameters!C44)) | D56: =MAX(-Parameters!D44,MIN($C$5*Parameters!D44,Parameters!D68-Parameters!D44)) | E56: =MAX(-Parameters!E44,MIN($C$5*Parameters!E44,Parameters!E68-Parameters!E44)) | F56: =MAX(-Parameters!F44,MIN($C$5*Parameters!F44,Parameters!F68-Parameters!F44)) | G56: =MAX(-Parameters!G44,MIN($C$5*Parameters!G44,Parameters!G68-Parameters!G44))
A57: CNS08 | B57: Transportation & Warehousing | C57: =MAX(-Parameters!C45,MIN($C$5*Parameters!C45,Parameters!C69-Parameters!C45)) | D57: =MAX(-Parameters!D45,MIN($C$5*Parameters!D45,Parameters!D69-Parameters!D45)) | E57: =MAX(-Parameters!E45,MIN($C$5*Parameters!E45,Parameters!E69-Parameters!E45)) | F57: =MAX(-Parameters!F45,MIN($C$5*Parameters!F45,Parameters!F69-Parameters!F45)) | G57: =MAX(-Parameters!G45,MIN($C$5*Parameters!G45,Parameters!G69-Parameters!G45))
A58: CNS09 | B58: Information | C58: =MAX(-Parameters!C46,MIN($C$5*Parameters!C46,Parameters!C70-Parameters!C46)) | D58: =MAX(-Parameters!D46,MIN($C$5*Parameters!D46,Parameters!D70-Parameters!D46)) | E58: =MAX(-Parameters!E46,MIN($C$5*Parameters!E46,Parameters!E70-Parameters!E46)) | F58: =MAX(-Parameters!F46,MIN($C$5*Parameters!F46,Parameters!F70-Parameters!F46)) | G58: =MAX(-Parameters!G46,MIN($C$5*Parameters!G46,Parameters!G70-Parameters!G46))
A59: CNS10 | B59: Finance & Insurance | C59: =MAX(-Parameters!C47,MIN($C$5*Parameters!C47,Parameters!C71-Parameters!C47)) | D59: =MAX(-Parameters!D47,MIN($C$5*Parameters!D47,Parameters!D71-Parameters!D47)) | E59: =MAX(-Parameters!E47,MIN($C$5*Parameters!E47,Parameters!E71-Parameters!E47)) | F59: =MAX(-Parameters!F47,MIN($C$5*Parameters!F47,Parameters!F71-Parameters!F47)) | G59: =MAX(-Parameters!G47,MIN($C$5*Parameters!G47,Parameters!G71-Parameters!G47))
A60: CNS11 | B60: Real Estate & Rental/Leasing | C60: =MAX(-Parameters!C48,MIN($C$5*Parameters!C48,Parameters!C72-Parameters!C48)) | D60: =MAX(-Parameters!D48,MIN($C$5*Parameters!D48,Parameters!D72-Parameters!D48)) | E60: =MAX(-Parameters!E48,MIN($C$5*Parameters!E48,Parameters!E72-Parameters!E48)) | F60: =MAX(-Parameters!F48,MIN($C$5*Parameters!F48,Parameters!F72-Parameters!F48)) | G60: =MAX(-Parameters!G48,MIN($C$5*Parameters!G48,Parameters!G72-Parameters!G48))
A61: CNS12 | B61: Professional, Scientific, Tech | C61: =MAX(-Parameters!C49,MIN($C$5*Parameters!C49,Parameters!C73-Parameters!C49)) | D61: =MAX(-Parameters!D49,MIN($C$5*Parameters!D49,Parameters!D73-Parameters!D49)) | E61: =MAX(-Parameters!E49,MIN($C$5*Parameters!E49,Parameters!E73-Parameters!E49)) | F61: =MAX(-Parameters!F49,MIN($C$5*Parameters!F49,Parameters!F73-Parameters!F49)) | G61: =MAX(-Parameters!G49,MIN($C$5*Parameters!G49,Parameters!G73-Parameters!G49))
... A69: CNS20 | B69: Public Administration | C69: =MAX(-Parameters!C57,MIN($C$5*Parameters!C57,Parameters!C81-Parameters!C57)) | D69: =MAX(-Parameters!D57,MIN($C$5*Parameters!D57,Parameters!D81-Parameters!D57)) | E69: =MAX(-Parameters!E57,MIN($C$5*Parameters!E57,Parameters!E81-Parameters!E57)) | F69: =MAX(-Parameters!F57,MIN($C$5*Parameters!F57,Parameters!F81-Parameters!F57)) | G69: =MAX(-Parameters!G57,MIN($C$5*Parameters!G57,Parameters!G81-Parameters!G57))
A71: Step 3: Perturbation Weights Wₑₒ = 1 − Δwₑₒ / (1 − wₑₒ)
A72: Weight < 1 means fewer trips (more WFH). Weight = 1 means no change. Weight > 1 means more trips (less WFH).
A73: LODES | B73: Industry | C73: Less than HS | D73: HS Diploma | E73: Some College/Assoc. | F73: Bachelor's | G73: Advanced
A74: CNS01 | B74: Agriculture, Forestry, Fishing | C74: =1-C50/(1-Parameters!C38) | D74: =1-D50/(1-Parameters!D38) | E74: =1-E50/(1-Parameters!E38) | F74: =1-F50/(1-Parameters!F38) | G74: =1-G50/(1-Parameters!G38)
A75: CNS02 | B75: Mining, Quarrying, Oil/Gas | C75: =1-C51/(1-Parameters!C39) | D75: =1-D51/(1-Parameters!D39) | E75: =1-E51/(1-Parameters!E39) | F75: =1-F51/(1-Parameters!F39) | G75: =1-G51/(1-Parameters!G39)
A76: CNS03 | B76: Utilities | C76: =1-C52/(1-Parameters!C40) | D76: =1-D52/(1-Parameters!D40) | E76: =1-E52/(1-Parameters!E40) | F76: =1-F52/(1-Parameters!F40) | G76: =1-G52/(1-Parameters!G40)
A77: CNS04 | B77: Construction | C77: =1-C53/(1-Parameters!C41) | D77: =1-D53/(1-Parameters!D41) | E77: =1-E53/(1-Parameters!E41) | F77: =1-F53/(1-Parameters!F41) | G77: =1-G53/(1-Parameters!G41)
A78: CNS05 | B78: Manufacturing | C78: =1-C54/(1-Parameters!C42) | D78: =1-D54/(1-Parameters!D42) | E78: =1-E54/(1-Parameters!E42) | F78: =1-F54/(1-Parameters!F42) | G78: =1-G54/(1-Parameters!G42)
A79: CNS06 | B79: Wholesale Trade | C79: =1-C55/(1-Parameters!C43) | D79: =1-D55/(1-Parameters!D43) | E79: =1-E55/(1-Parameters!E43) | F79: =1-F55/(1-Parameters!F43) | G79: =1-G55/(1-Parameters!G43)
A80: CNS07 | B80: Retail Trade | C80: =1-C56/(1-Parameters!C44) | D80: =1-D56/(1-Parameters!D44) | E80: =1-E56/(1-Parameters!E44) | F80: =1-F56/(1-Parameters!F44) | G80: =1-G56/(1-Parameters!G44)
A81: CNS08 | B81: Transportation & Warehousing | C81: =1-C57/(1-Parameters!C45) | D81: =1-D57/(1-Parameters!D45) | E81: =1-E57/(1-Parameters!E45) | F81: =1-F57/(1-Parameters!F45) | G81: =1-G57/(1-Parameters!G45)
A82: CNS09 | B82: Information | C82: =1-C58/(1-Parameters!C46) | D82: =1-D58/(1-Parameters!D46) | E82: =1-E58/(1-Parameters!E46) | F82: =1-F58/(1-Parameters!F46) | G82: =1-G58/(1-Parameters!G46)
A83: CNS10 | B83: Finance & Insurance | C83: =1-C59/(1-Parameters!C47) | D83: =1-D59/(1-Parameters!D47) | E83: =1-E59/(1-Parameters!E47) | F83: =1-F59/(1-Parameters!F47) | G83: =1-G59/(1-Parameters!G47)
A84: CNS11 | B84: Real Estate & Rental/Leasing | C84: =1-C60/(1-Parameters!C48) | D84: =1-D60/(1-Parameters!D48) | E84: =1-E60/(1-Parameters!E48) | F84: =1-F60/(1-Parameters!F48) | G84: =1-G60/(1-Parameters!G48)
A85: CNS12 | B85: Professional, Scientific, Tech | C85: =1-C61/(1-Parameters!C49) | D85: =1-D61/(1-Parameters!D49) | E85: =1-E61/(1-Parameters!E49) | F85: =1-F61/(1-Parameters!F49) | G85: =1-G61/(1-Parameters!G49)
... A93: CNS20 | B93: Public Administration | C93: =1-C69/(1-Parameters!C57) | D93: =1-D69/(1-Parameters!D57) | E93: =1-E69/(1-Parameters!E57) | F93: =1-F69/(1-Parameters!F57) | G93: =1-G69/(1-Parameters!G57)
A95: Step 4: Aggregate Perturbation Factors (Ω)
A96: First compute industry-weighted perturbation θₑ for each education level at a given workplace, then weight by residence education shares.
A98: Ω_ij: Workers with residence r = zone i, workplace s = zone j
A99: θₑ(s=j) = Σₒ Wₑₒ · O_jo (industry-weighted perturbation at workplace zone j, for each education level e)
C100: Less than HS | D100: HS Diploma | E100: Some College/Assoc. | F100: Bachelor's | G100: Advanced
B101: θₑ(s=j) | C101: =SUMPRODUCT(C74:C93,D20:D39) | D101: =SUMPRODUCT(D74:D93,D20:D39) | E101: =SUMPRODUCT(E74:E93,D20:D39) | F101: =SUMPRODUCT(F74:F93,D20:D39) | G101: =SUMPRODUCT(G74:G93,D20:D39)
B103: Ω_ij = Σₑ E_ie · θₑ(s=j) | C103: =SUMPRODUCT(C15:G15,C101:G101)
A105: Ω_ji: Workers with residence r = zone j, workplace s = zone i
A106: θₑ(s=i) = Σₒ Wₑₒ · O_io (industry-weighted perturbation at workplace zone i, for each education level e)
C107: Less than HS | D107: HS Diploma | E107: Some College/Assoc. | F107: Bachelor's | G107: Advanced
B108: θₑ(s=i) | C108: =SUMPRODUCT(C74:C93,C20:C39) | D108: =SUMPRODUCT(D74:D93,C20:C39) | E108: =SUMPRODUCT(E74:E93,C20:C39) | F108: =SUMPRODUCT(F74:F93,C20:C39) | G108: =SUMPRODUCT(G74:G93,C20:C39)
B110: Ω_ji = Σₑ E_je · θₑ(s=i) | C110: =SUMPRODUCT(C16:G16,C108:G108)
A112: Step 5: Symmetric Perturbation Factor and Perturbed Flow
A113: P_ij weights the two Ω factors by LODES commute counts, ensuring P_ij = P_ji (symmetry).
B115: P_ij = (L_ij · Ω_ij + L_ji · Ω_ji) / (L_ij + L_ji)
B116: P_ij (symmetric perturbation factor) | C116: =IF(C43+C44=0,(C103+C110)/2,(C43*C103+C44*C110)/(C43+C44))
A118: Final Result: Perturbed Flow
B119: G_ij = T_ij × P_ij
B120: Baseline flow (T_ij) | C120: =C45
B121: Perturbation factor (P_ij) | C121: =C116
B122: Perturbed flow (G_ij) | C122: =C45*C116
B123: Absolute change (G − T) | C123: =C122-C45
B124: Percent change | C124: =(C122-C45)/C45
A126: Interpretation
A127: With α = 0.25, WFH rates increase by 25% proportionally across all education-industry segments. The perturbation factor P_ij reflects the demographic composition of commuters between these two zones — zone pairs with more WFH-susceptible workers (higher education, office-based industries) show larger trip reductions.
